"","X","Station","Core","Depth","Met","A1","B1","C1","D1","E1","F1","G1","H1","A2","B2","C2","D2","E2","F2","G2","H2","A3","B3","C3","D3","E3","F3","G3","H3","A4","B4","C4","D4","E4","F4","G4","H4","A5","B5","C5","D5","E5","F5","G5","H5","A6","B6","C6","D6","E6","F6","G6","H6","A7","B7","C7","D7","E7","F7","G7","H7","A8","B8","C8","D8","E8","F8","G8","H8","A9","B9","C9","D9","E9","F9","G9","H9","A10","B10","C10","D10","E10","F10","G10","H10","A11","B11","C11","D11","E11","F11","G11","H11","A12","B12","C12","D12","E12","F12","G12","H12"
"1","ATR_A_4_AER","ATR","A",4,"AER",0.445,1.646,0.786,0.447,1.928,1.515,1.842,1.299,0.913,0.081,1.576,2.069,1.751,0.597,1.295,0.801,0.267,2.192,0,0.002,2.505,0.247,0,2.22,2.528,2.843,1.171,2.032,1.204,1.107,0.254,1.479,0.555,1.96,0.656,0.394,2.304,1.925,2.114,1.277,1.094,1.161,1.32,2.134,1.813,0.806,1.254,0.952,0.299,2.263,0,0,2.603,0.419,0,2.188,2.639,2.582,1.025,2.218,2.196,1.141,0.202,1.758,0.467,1.9847,0.713,0.374,2.237,1.885,1.936,0.611,1.172,0,1.408,2.516,1.687,0.674,1.283,0.969,0.018,1.416,0,0,2.565,0.303,0,2.133,2.36,2.384,0.608,1.76,1.835,1.18,0.123,1.283
"2","ATR_A_42_AER","ATR","A",42,"AER",0,2.073,0.879,0.56,1.353,1.544,2.194,1.121,1.18,2.283,1.03,2.659,1.535,0.004,1.006,0.399,0.977,1.498,0,0,1.61,0.01,0,1.895,1.805,2.519,0.717,2.336,1.828,0.882,0.077,1.07,0,2.058,0.808,0.476,2.168,1.781,2.273,0.584,1.271,2.337,1.079,2.667,1.709,0,0.872,0.316,1.161,1.575,0,0,1.752,0.011,0,1.803,1.068,2.429,0.676,2.582,1.923,0.904,0.123,1.054,0,2.263,0.621,0.379,2.275,1.809,2.164,0,1.163,2.4,1.015,2.826,1.842,0,0.94,0.315,0.97,1.403,0,0,1.627,0.005,0,1.81,1.776,2.337,0.388,2.373,1.677,0.795,0.138,1.141
"3","ATR_D_4_AER","ATR","D",4,"AER",0,1.319,0.818,0.117,1.677,1.889,1.401,0,0.717,0,0.636,1.309,1.145,0.163,1.158,0.352,0.073,0.794,0,0,1.124,0.015,0,2.115,0.789,1.959,0.602,1.158,0.737,0.406,0.065,0.948,0,1.127,0.708,0.081,1.653,2.074,1.429,0,0.515,0,0.501,1.186,1.268,0.059,0.937,0.338,0.041,0.798,0,0,1.073,0.017,0,2.253,0.824,2.069,0.67,1.202,0.798,0.378,0.097,0.69,0,1.181,0.67,0,1.812,2.175,1.499,0,0.523,0,0.611,1.253,0.934,0.223,0.977,0.31,0.054,0.932,0,0,1.266,0.001,0,2.037,0.797,1.775,0.418,0.935,0.943,0.544,0.112,0.85
"4","ATR_D_42_AER","ATR","D",42,"AER",NA,NA,NA,NA,NA,NA,NA,NA,NA,NA,NA,NA,NA,NA,NA,NA,NA,NA,NA,NA,NA,NA,NA,NA,NA,NA,NA,NA,NA,NA,NA,NA,NA,NA,NA,NA,NA,NA,NA,NA,NA,NA,NA,NA,NA,NA,NA,NA,NA,NA,NA,NA,NA,NA,NA,NA,NA,NA,NA,NA,NA,NA,NA,NA,NA,NA,NA,NA,NA,NA,NA,NA,NA,NA,NA,NA,NA,NA,NA,NA,NA,NA,NA,NA,NA,NA,NA,NA,NA,NA,NA,NA,NA,NA,NA,NA
"5","ATR_C_4_AER","ATR","C",4,"AER",0.086,0.589,0.926,0.643,1.961,2.018,1.832,0.452,0.947,0.019,0.892,2.217,1.481,0.119,1.005,0.249,0.185,0.935,0.001,0,2.193,0.0469999999999999,0.026,2.104,1.586,2.345,0.875,2.475,2.368,1.42,0.196,1.177,0.00600000000000001,1.306,0.869,0.28,1.861,2.033,2.355,0.626,1.59,0.033,1.217,1.709,1.896,0.075,0.767,0.224,0.034,1.05,0,0.02,2.282,0.005,0.024,1.757,1.725,2.64,0.752,2.568,2.377,0.981,0.202,1.161,0,1.425,0.823,0.395,1.999,2.087,1.997,0.091,1.702,0.028,1.471,1.977,1.742,0.118,0.9,0.232,0.086,0.969,0.028,0.016,2.278,0.0369999999999999,0.029,1.913,1.748,1.776,0.621,2.253,2.328,1.262,0.179,1.161
"6","ATR_C_16_AER","ATR","C",16,"AER",0.216,1.1,0.577,0.201,2.166,1.34,1.312,0.496,0.897,0.00899999999999999,1.022,2.386,1.268,0.057,0.75,0.285,0.199,0.71,0,0.00899999999999998,1.598,0.00800000000000001,0.02,2.297,0.952,2.29,0.637,1.699,1.37,0.455,0.272,0.749,0.035,0.87,0.681,0.301,2.42,1.679,2.053,0.449,0.821,0.001,1.068,2.194,1.781,0.05,0.634,0.258,0.252,0.929,0,0.015,1.539,0.011,0.028,2.093,1.085,2.133,0.631,1.845,1.215,0.487,0.205,0.792,0.025,0.963,0.82,0.325,2.198,1.278,1.723,0.16,0.848,0,0.98,2.429,1.824,0.055,0.72,0.271,0.184,0.881,0.001,0.014,1.219,0.015,0.03,2.144,1.367,2.208,0.576,1.295,1.256,0.408,0.542,0.689
"7","ATR_C_26_AER","ATR","C",26,"AER",0.0650000000000001,1.441,0.706,0.481,1.653,1.547,1.601,1.879,1.137,1.615,1.36,2.111,1.69,0.029,0.963,0.308,0.286,1.134,0,0.005,1.853,0.00600000000000001,0.018,1.73,1.66,2.169,1.132,1.8,1.672,0.844,0.319,0.938,0.012,2.1,0.581,0.451,1.868,1.531,2.056,1.934,1.109,1.909,1.414,2.263,1.805,0.01,0.833,0.252,0.117,1.178,0.005,0.016,1.97,0.011,0.00600000000000001,1.903,1.57,2.204,1.076,1.897,1.641,1.092,0.339,0.93,0.0499999999999999,2.241,0.791,0.377,1.951,1.571,1.83,2.119,0.94,1.93,1.684,2.314,1.732,0,0.938,0.343,0.234,1.143,0.005,0.01,1.957,0.00600000000000001,0.0149999999999999,1.984,1.786,2.127,0.867,2.091,1.388,0.868,0.404,1.055
"8","ATR_C_42_AER","ATR","C",42,"AER",0.02,1.789,0.845,0.761,2.383,1.402,2.008,0.511,1.696,1.072,1.572,2.392,1.71,0.23,1.114,0.419,0.259,0.847,0.001,0.012,1.85,0.042,0.013,1.714,1.413,2.175,0.919,1.649,1.308,0.772,0.305,0.842,0.106,1.975,0.905,0.459,2.273,2.066,2.32,1.092,1.868,1.988,1.275,2.328,2.081,0.395,1.025,0.586,0.189,1.041,0,0.011,2.039,0.123,0.00900000000000001,1.41,1.14,2.268,0.607,1.753,1.083,1.006,0.266,0.934,0.177,2.471,0.949,0.434,2.424,1.766,2.046,0.357,1.562,0,1.595,2.492,2.153,0.563,0.318,0.772,0.204,0.725,0,0.00700000000000001,1.808,0.153,0.004,1.762,1.233,2.4,0.275,2.051,1.293,0.772,0.328,0.873
"9","ATR_C_54_AER","ATR","C",54,"AER",0,2.216,0.779,0.665,2.211,1.875,2.318,0,1.393,2.134,0.832,2.459,1.824,0,0.849,0.262,0.416,1.345,0,0,1.594,0.00800000000000001,0,1.816,0.857,1.735,0.638,1.576,0.816,0.672,0.094,1.049,0,2.063,0.704,0.307,2.304,2.021,2.403,0,1.346,2.2,0.826,2.49,1.898,0,0.716,0.186,0.346,1.252,0,0,1.523,0,0,1.009,0.919,1.631,0.638,1.532,0.745,0.648,0.086,1.072,0,2.025,0.751,0.296,2.393,2.005,2.24,0,1.309,2.319,0.77,2.531,2.035,0,0.798,0.235,0.274,1.154,0,0.003,1.393,0,0,1.819,1.012,1.635,0.377,1.415,0.612,0.73,0.147,0.89
"10","ATR_C_66_AER","ATR","C",66,"AER",0.04,1.838,0.911,0.532,2.242,1.841,2.158,1.007,1.453,2.338,1.706,2.335,1.936,0.037,0.956,0.375,0.04,1.391,0.003,0.011,2.008,0.004,0.016,2.341,2.036,2.331,0.967,2.037,1.816,0.878,0.142,0.888,0.027,2.114,0.815,0.408,2.342,1.999,2.344,0.937,1.905,2.26,1.753,2.378,1.953,0.035,0.803,0.353,0.043,1.486,0.001,0.00600000000000001,2.147,0,0.00900000000000001,2.209,1.967,2.409,0.949,2.193,1.742,0.94,0.116,0.943,0.014,2.232,0.835,0.467,2.446,2.033,1.981,1.003,1.722,2.039,1.88,2.448,2.115,0.039,0.844,0.37,0.054,1.196,0.003,0.00700000000000001,2.058,0.003,0.002,2.199,1.924,2.192,0.617,2.088,1.526,1.063,0.128,1.029
"11","ATR_C_76_AER","ATR","C",76,"AER",0.287,2.023,0.962,0.532,2.369,2.074,1.991,1.624,2.091,0.275,1.269,2.479,1.942,0.578,1.105,0.633,0.216,1.526,0,0.011,2.309,0.101,0.022,2.243,1.686,2.528,1.332,2.448,1.391,1.064,0.215,0.886,0.251,2.368,1.027,0.66,2.451,2.262,2.29,1.671,2.03,2.118,1.433,2.381,2.117,0.571,1.158,0.665,0.38,1.579,0,0.032,2.487,0.139,0.016,1.973,2.065,2.623,1.097,2.547,1.415,1.173,0.238,1.343,0.259,2.378,1.015,0.703,2.478,2.223,1.75,1.718,2.168,0.102,1.429,2.469,2.116,0.489,1.131,0.599,0.144,1.33,0,0.012,2.35,0.109,0.014,1.875,2.072,2.438,0.524,2.769,1.723,1.152,0.221,1.233
"12","ATR_A_4_MOX","ATR","A",4,"MOX",0.409,2.119,1.001,0.753,2.116,1.962,2.291,0.962,1.836,0.998,1.801,2.304,1.939,0.484,1.359,0.691,0.113,2.091,0.016,0.02,2.327,0.093,0.019,2.048,2.219,2.48,1.382,2.095,1.502,1.119,0.465,1.612,0.38,1.835,0.981,0.781,2.214,2.028,2.449,1.328,1.9,0.922,1.536,2.697,2.134,0.474,1.206,0.685,0.144,1.745,0.022,0.032,2.457,0.099,0.023,2.069,2.183,2.368,1.472,2.189,1.497,1.165,0.444,1.602,0.323,1.815,0.999,0.781,2.112,2.197,2.291,1.773,1.49,0.074,1.515,2.635,2.074,0.507,1.283,0.608,0.113,1.74,0.053,0.063,2.377,0.096,0.029,2.168,2.236,2.34,1.212,2.048,1.454,1.071,0.426,1.581
"13","ATR_A_42_MOX","ATR","A",42,"MOX",0.4,1.783,0.871,0.58,2.216,2.189,2.236,0.41,2.085,2.291,1.797,2.503,1.999,0.469,1.601,0.847,0.363,1.905,0.005,0.018,2.207,0.154,0.021,2.154,1.887,2.406,1.566,2.085,1.754,0.97,0.484,1.532,0.341,2.142,0.84,0.681,2.341,2.264,2.272,0.413,2.04,2.498,1.725,2.514,2.105,0.475,1.514,0.771,0.313,2.037,0.004,0.022,2.337,0.189,0.022,2.075,1.822,2.523,1.636,2.171,1.872,1.075,0.458,1.607,0.36,2.154,0.846,0.682,2.498,2.278,2.197,0.476,1.922,2.426,1.816,2.581,2.172,0.469,1.642,0.908,0.331,1.992,0.022,0.019,2.279,0.166,0.026,2.068,1.923,2.488,1.447,2.209,1.817,0.959,0.359,1.544
"14","ATR_D_4_MOX","ATR","D",4,"MOX",0.176,1.076,1.021,0.419,2.298,1.767,2.184,0.35,1.753,0,1.757,2.355,1.957,0.301,1.244,0.624,0.069,1.467,0.055,0.092,2.317,0.078,0.022,2.008,1.957,2.819,0.701,1.86,1.399,0.902,0.277,1.532,0.191,1.637,1.059,0.496,2.329,1.885,2.474,0.361,1.52,0,1.819,2.622,1.834,0.347,1.151,0.747,0.079,1.614,0,0.02,2.462,0.057,0.02,2.279,0.802,2.427,1.046,2.15,1.426,0.985,0.27,1.539,0.207,1.438,1.095,0.522,2.492,1.943,2.336,0.359,1.39,0.002,1.895,2.606,1.96,0.358,1.168,0.589,0.118,1.477,0.00600000000000001,0.024,2.458,0.066,0.026,2.122,1.962,2.771,0.914,2.026,1.58,0.876,0.246,1.509
"15","ATR_D_42_MOX","ATR","D",42,"MOX",0.49,2.197,0.977,0.837,2.153,1.807,1.946,0.784,1.84,2.131,1.6,2.144,2.07,0.361,1.197,0.656,0.225,1.815,0,0.07,1.837,0.134,0,1.592,1.577,2.301,1.405,1.899,1.758,1.161,0.22,1.283,0.328,2.001,0.88,0.865,2.138,2.052,2.025,0.874,1.455,2.188,1.564,2.143,2.134,0.34,1.2,0.754,0.143,1.82,0,0.0580000000000001,2.073,0.112,0,1.602,1.575,2.327,1.39,2.227,1.732,1.285,0.287,1.394,0.32,2.018,0.908,0.646,2.354,2.023,2.011,0.771,0.829,2.183,1.521,2.064,2.194,0.334,1.103,0.647,0.123,1.729,0,0.073,1.971,0.087,0,1.533,1.361,2.32,0.846,2.091,1.69,1.222,0.281,1.388
"16","ATR_C_4_MOX","ATR","C",4,"MOX",0.435,1.585,1.147,0.765,1.716,2.052,2.15,1.038,1.979,0.037,1.632,2.65,1.921,0.554,1.16,0.538,0.158,1.374,0.037,0.038,2.555,0.106,0.04,1.962,2.201,2.52,1.154,1.593,1.286,1.493,0.434,1.207,0.475,1.297,1.103,0.742,2.114,2,2.219,0.976,1.72,0.038,1.447,2.561,2.003,0.465,0.945,0.506,0.097,1.456,0.03,0.137,2.511,0.0679999999999999,0.032,1.905,2.1,2.474,1.119,1.802,0.994,1.677,0.444,1.144,0.426,1.892,1.08,0.786,2.295,2.082,2.592,0.963,1.59,0.096,1.503,2.573,1.956,0.563,1.02,0.692,0.077,1.402,0.04,0.031,2.443,0.125,0.041,1.959,2.055,2.252,0.837,1.723,1.306,1.542,0.303,1.146
"17","ATR_C_16_MOX","ATR","C",16,"MOX",0.371,1.921,0.765,0.55,1.823,2.428,2.146,0.783,1.504,0.02,0.63,2.466,2.299,0.344,1.233,0.626,0.475,1.202,0.022,0.024,1.265,0.116,0.03,1.971,0.537,2.213,0.618,1.583,1.288,0.048,0.381,0.774,0.374,1.784,0.791,0.453,1.702,2.479,2.196,0.85,1.283,0.00600000000000001,0.545,0.099,2.209,0.322,0.961,0.637,0.288,1.547,0.022,0.011,1.406,0.129,0.033,1.959,0.458,2.329,0.674,1.64,1.374,0.588,0.356,0.822,0.39,1.829,0.822,0.559,1.791,2.422,2.225,0.828,1.434,0.027,0.735,2.735,2.301,0.345,1.059,0.595,0.471,1.332,0.027,0.00899999999999999,1.441,0.123,0.036,2.047,0.832,0.158,0.465,1.439,1.483,0.548,0.297,0.847
"18","ATR_C_26_MOX","ATR","C",26,"MOX",0.311,1.806,0.692,0.634,1.847,1.818,1.987,1.15,1.435,1.807,0.978,1.989,1.708,0.285,1.198,0.75,0.158,1.633,0.00800000000000001,0.0169999999999999,1.837,0.148,0.002,1.686,1.553,2.113,0.743,1.923,1.349,1.002,0.375,1.278,0.301,1.758,0.725,0.493,1.759,1.692,2,1.228,1.505,1.844,0.818,1.964,1.662,0.244,1.041,0.647,0.124,1.618,0.002,0.018,1.771,0.134,0.012,1.561,1.661,2.042,0.746,2.029,1.603,0.973,0.355,1.327,0.268,1.714,0.779,0.491,1.776,1.661,1.5,1.075,1.185,1.522,0.872,1.745,1.62,0.19,1.081,0.647,0.119,1.463,0,0.012,1.668,0.121,0.01,1.297,1.41,1.836,0.616,1.723,1.004,0.862,0.273,1.106
"19","ATR_C_42_MOX","ATR","C",42,"MOX",0,1.838,0.87,0.476,2.251,2.028,2.296,0.707,1.396,2.453,0.688,2.891,2.363,0.295,1.464,0.827,0.309,1.609,0,0.002,1.863,0.121,0.017,2.295,1.349,2.629,0.88,1.475,1.941,0.83,0.347,1.34,0.367,1.962,0.857,0.538,2.418,2.116,2.649,0.886,1.211,2.571,0.868,2.927,2.468,0.276,1.208,0.601,0.324,1.724,0,0.002,1.925,0.118,0.013,2.371,1.334,2.706,0.818,1.592,1.799,0.852,0.33,1.425,0.343,1.996,0.887,0.566,2.536,2.142,2.444,0.813,1.236,2.46,0.728,2.947,2.55,0.306,1.154,0.78,0.324,1.521,0.001,0.002,1.883,0.13,0.013,2.373,1.325,2.71,0.795,1.57,2.146,0.766,0.291,1.302
"20","ATR_C_54_MOX","ATR","C",54,"MOX",0.508,2.569,1.138,0.388,2.595,2.082,2.508,2.054,2.52,2.519,2.019,2.712,2.339,0.57,1.903,0.921,0.52,1.7,0.001,0.011,2.314,0.203,0.018,2.086,2.478,2.288,1.698,2.375,2.32,1.034,0.499,1.506,0.467,2.599,1.1,0.634,2.583,2.164,2.488,1.752,2.427,2.573,2.198,2.776,2.414,0.507,1.69,0.744,0.408,1.687,0.00899999999999995,0.014,2.359,0.126,0.031,1.996,2.385,2.654,1.739,2.405,2.03,1.021,0.482,1.507,0.509,2.455,1.107,0.603,2.652,2.101,2.436,2.164,2.37,2.502,2.217,2.634,2.4,0.498,1.704,0.908,0.442,1.751,0.011,0.035,2.301,0.152,0,1.901,2.23,2.379,1.46,2.284,2.275,0.94,0.418,1.447
"21","ATR_C_66_MOX","ATR","C",66,"MOX",0.44,2.82,0.985,0.577,2.563,2.296,2.572,0.33,1.859,2.695,1.348,2.895,2.399,0.489,1.752,1.167,0.393,1.767,0.00499999999999999,0.037,2.514,0.0659999999999999,0.019,2.325,1.667,2.869,1.424,2.483,1.816,0.891,0.443,1.965,0.427,2.551,0.709,0.584,2.599,2.4,2.849,0.332,1.897,2.719,2.029,2.984,2.313,0.467,1.602,1.124,0.356,1.309,0.01,0.031,2.522,0.053,0.015,2.362,1.528,2.67,1.346,1.995,2.206,0.866,0.397,1.988,0.436,2.681,0.882,0.561,2.917,2.435,2.685,0.335,2.135,2.773,1.252,2.928,2.485,0.634,1.447,1.132,0.322,1.75,0.00799999999999999,0.016,2.441,0.057,0.02,2.411,1.657,2.699,1.399,1.846,2.223,0.889,0.386,2.003
"22","ATR_C_76_MOX","ATR","C",76,"MOX",0.512,0.859,1.178,0.534,2.087,2.149,2.315,0.958,1.727,2.16,2.044,2.442,2.086,0.688,1.26,1.172,0.387,1.764,0.002,0,2.507,0.156,0.014,2.344,0.484,2.661,1.752,2.591,2.015,1.18,0.455,1.842,0.437,1.732,1.087,0.37,2.135,2.058,2.492,1.595,1.493,0,1.992,2.149,2.274,0.714,1.2,1.053,0.319,2.048,0,0,2.698,0.143,0.021,2.34,2.291,2.651,1.828,2.195,2.038,1.3,0.391,1.916,0.425,1.663,0.91,0.536,2.013,2.194,2.221,1.159,1.384,0.003,2.081,2.484,2.204,0.681,1.233,1.121,0.235,1.774,0,0,2.497,0.116,0.00599999999999998,2.348,2.247,2.623,1.732,2.36,2.029,1.172,0.324,1.765
"23","BOL_A_4_AER","BOL","A",4,"AER",0,0.754,0.419,0,0.483,1.058,1.035,0,0.934,0,0.431,1.233,0.765,0.00800000000000001,0.904,0.11,0.312,0.531,0,0,1.041,0.003,0,2.232,0.486,1.641,0.528,0,0.018,0.407,0.454,0.486,0,0.741,0.564,0.011,0.673,1.273,1.487,0,1,0,0.383,1.285,0.876,0,0.804,0.029,0.305,0.678,0,0,1.046,0.00800000000000001,0,2.136,0.416,1.765,0.517,0.099,0,0.392,0.526,0.436,0,0.706,0.474,0,0.762,1.244,1.275,0,1.204,0,0.41,1.472,0.828,0,0.695,0.118,0.381,0.671,0,0.00699999999999999,0.841,0.022,0,2.057,0.536,1.428,0.395,0.057,0,0.281,0.151,0.247
"24","BOL_A_16_AER","BOL","A",16,"AER",0,1.824,0.704,0.19,1.484,1.726,2.169,0.747,1.942,0,0.646,1.966,1.655,0.106,1.086,0.405,0.041,1.225,0,0,1.206,0.026,0,2.087,0.952,1.816,0.531,0.993,0.879,0.47,0.056,0.635,0,1.566,0.519,0.096,1.157,1.591,2.122,0.755,1.932,0,0.68,2.021,1.998,0.003,0.88,0.398,0.04,1.202,0,0,1.237,0.014,0,1.985,0.957,1.782,0.555,0.995,0.869,0.455,0.103,0.637,0,1.565,0.504,0.106,1.418,1.41,1.844,0.713,1.718,0,0.616,1.857,2.041,0.00999999999999998,0.92,0.406,0.044,1.117,0,0,1.076,0.00700000000000001,0,1.754,1.069,1.544,0.251,0.683,0.471,0.316,0.107,0.663
"25","BOL_A_26_AER","BOL","A",26,"AER",0,1.228,0.254,0.106,0.639,1.473,2.141,0,1.129,1.281,0.804,1.671,2.157,0.059,1.066,0.112,0.234,1.324,0,0,1.685,0.022,0,1.954,1.063,2.279,0.799,0.561,0.084,0.361,0.313,0.442,0,1.448,0.357,0.123,0.93,1.436,2.346,0,1.153,1.014,0.815,1.627,2.085,0.013,1.102,0.151,0.074,1.359,0,0,1.854,0.021,0,2.041,0.898,2.079,0.698,0.59,0.037,0.361,0.385,0.397,0,1.493,0.266,0.082,1.115,1.335,2.269,0,1.046,0.924,1.179,1.615,2.167,0.004,0.981,0.109,0.228,1.155,0,0,1.469,0.013,0,1.872,1.013,2.03,0.319,0.621,0.011,0.374,0.31,0.495
"26","BOL_A_42_AER","BOL","A",42,"AER",0,1.462,0.683,0.505,2.034,1.523,1.633,0.334,0.891,1.934,0.67,2.343,1.164,0.023,0.84,0.194,0.028,1.251,0,0,1.504,0,0,1.961,1.009,1.747,0.463,1.967,0.787,0.665,0,0.912,0,2.125,1.017,0.039,2.019,1.561,2.086,0.383,0.888,2.246,0.665,2.369,1.499,0,0.912,0.219,0.018,1.256,0,0,1.368,0,0,1.812,0.945,1.708,0.468,2.016,0.763,0.618,0.021,0.848,0,2.22,0.581,0.01,2.138,1.524,1.734,0.306,0.94,2.184,0.908,2.324,1.193,0,0.992,0.197,0.018,1.164,0,0,1.326,0,0,1.705,1.014,1.51,0.28,0.865,0.679,0.665,0,0.876
"27","BOL_A_54_AER","BOL","A",54,"AER",0,1.295,0.984,0.426,2.086,1.581,1.391,0.932,1.628,1.644,0.731,1.965,1.462,0.031,1.009,0.34,0.032,1.169,0,0,1.433,0,0,1.786,1.182,1.891,0.561,1.35,0.889,0.597,0.065,1.097,0,1.374,0.845,0.205,2.036,1.624,1.714,0.907,1.209,1.718,0.657,2.039,1.5,0,0.912,0.3,0.001,1.244,0,0,1.505,0,0,1.763,1.155,1.874,0.595,1.366,0.845,0.659,0.053,1.118,0,1.397,0.684,0.18,2.161,1.589,1.486,0.93,1.298,1.673,0.774,2.01,1.596,0,0.93,0.305,0,1.096,0,0,1.398,0,0,1.753,1.196,1.709,0.281,1.14,0.804,0.794,0.045,1.082
"28","BOL_A_66_AER","BOL","A",66,"AER",0,1.189,0.584,0.336,1.414,1.098,1.475,0.817,0.832,2.134,0.664,1.29,1.174,0.085,0.793,0.224,0.275,1.079,0,0,1.378,0.04,0,0,1.9,1.875,0.746,1.38,0.815,0.49,0.037,0.88,0,0.462,0.448,0.211,1.456,1.414,1.669,0.791,0.953,2.233,0.66,1.208,1.245,0.023,0.605,0.268,0.284,1.145,0,0,1.394,0.03,0,1.998,1.662,1.904,0.559,1.363,0.757,0.436,0.062,0.836,0,1.319,0.402,0.135,1.421,1.348,1.437,0.837,0.767,2.219,0.756,1.134,1.285,0,0.711,0.247,0.432,1.065,0,0,1.317,0.01,0,1.922,1.822,1.852,0.336,1.054,0.842,0.292,0.027,0.912
"29","BOL_A_86_AER","BOL","A",86,"AER",0,2.121,0.909,0.527,2.272,1.263,1.94,0.192,1.844,1.882,0.934,2.475,1.739,0.00700000000000001,1.148,0.497,0.386,1.3,0,0,1.552,0,0,1.912,1.26,1.897,0.558,1.471,0.882,0.765,0.011,1.209,0,2.41,0.781,0.381,2.206,1.719,2.105,0.323,1.645,2.193,0.808,2.5,1.776,0,1.017,0.417,0.428,1.341,0,0,1.505,0,0,1.908,1.277,1.725,0.524,1.393,0.827,0.702,0,1.149,0,2.521,0.726,0.228,2.315,1.682,1.852,0.306,1.787,2.276,0.702,2.523,1.787,0,1.074,0.454,0.498,1.252,0,0,1.46,0,0,1.712,1.1,1.415,0.329,1.092,0.809,0.794,0,1.15
"30","BOL_B_4_AER","BOL","B",4,"AER",0,0.577,0.665,0.29,1.823,1.782,0.602,0.487,1.522,0,0.553,1.587,1.154,0.083,1.43,0.509,1.058,0.519,0,0,1.34,0.066,0,1.901,1.236,2.099,0.777,2.153,0.963,0.631,0.35,0.641,0,0.937,0.601,0.241,1.364,1.496,0.888,0.497,1.571,0,0.499,1.666,1.279,0.019,1.066,0.435,0.796,0.552,0,0,1.371,0.208,0,1.696,1.223,2.068,0.714,2.037,0.911,0.524,0.385,0.831,0,0.0630000000000001,0.62,0.181,1.858,1.321,0.746,0.423,1.366,0,0.438,0.064,1.214,0,1.141,0.419,0.999,0.419,0,0,1.259,0,0,1.755,1.593,1.787,0.328,1.597,0.917,0.358,0.182,0.762
"31","BOL_B_42_AER","BOL","B",42,"AER",0,1.531,0.827,0.395,2.079,1.611,2.111,1.095,1.303,1.481,1.812,2.412,1.514,0.563,1.355,0.513,0.813,0.762,0,0,2.122,0.023,0,2.202,1.513,2.071,0.678,2.541,1.241,0.915,0.04,1.188,0,1.125,0.772,0.33,1.994,1.678,2.478,0.991,1.073,2.521,1.982,2.678,1.625,0.512,1.069,0.436,0.541,1.175,0,0,2.276,0.003,0,2.073,0,2.171,0.832,2.607,1.305,0.993,0.025,1.156,0,1.399,0.973,0.226,2.095,1.612,1.976,0.996,0.68,2.257,1.789,2.65,1.608,0.478,1.179,0.405,0.923,0.853,0,0,2.136,0,0,2.063,1.758,2.103,0.407,1.801,1.179,1.002,0.017,1.269
"32","BOL_C_4_AER","BOL","C",4,"AER",0,0.52,0.434,0.172,1.788,1.661,0.633,0.337,0.549,0,0.482,1.674,1.321,0.115,1.388,0.385,0.543,0.741,0,0,0.95,0.00299999999999995,0,2.174,0.781,1.891,0.596,1.597,0.934,0.499,0.283,0.701,0,0.579,0.411,0.21,1.621,1.638,0.841,0.371,0.376,0,0.567,1.485,1.468,0.043,1.19,0.364,0.644,0.739,0,0,0.965,0,0,2.042,0.702,1.837,0.445,1.566,0.935,0.443,0.23,0.566,0,0.534,0.427,0.112,1.733,1.592,0.515,0.331,0.434,0,0.532,1.416,1.497,0.005,1.288,0.389,0.74,0.654,0,0,0.892,0.004,0,1.954,1,1.924,0.315,0.947,0.966,0.39,0.222,0.731
"33","BOL_C_42_AER","BOL","C",42,"AER",0,1.74,0.83,0.368,2.405,1.949,2.257,1.272,1.826,2.04,0.682,2.609,1.82,0.146,1.312,0.523,0.214,1.624,0,0,1.842,0.07,0,2.159,2.112,2.28,1.041,1.717,2.167,0.755,0.053,1.194,0,2.034,0.678,0.242,2.336,1.87,2.192,0.877,1.65,2.124,0.67,2.603,1.917,0.024,1.147,0.461,0.203,1.602,0,0,1.823,0.026,0,2.036,2.006,2.058,0.953,1.777,2.078,0.712,0.07,1.196,0,1.987,0.705,0.245,2.405,1.789,1.986,0.771,1.685,2.088,0.657,2.633,1.839,0.01,1.217,0.515,0.189,1.54,0,0,1.85,0.012,0,2.001,1.904,1.92,0.492,1.465,1.876,0.649,0.047,1.18
"34","BOL_A_4_MOX","BOL","A",4,"MOX",0.211,0.567,0.986,0.036,1.161,1.181,1.707,0.279,1.203,0,0.583,1.471,0.942,0.428,0.851,0.332,0.206,0.837,0,0.00600000000000001,0.611,0.305,0.107,0.563,0.467,1.44,0.679,0.933,0.226,0.531,0.138,0.691,0.136,0.432,0.978,0.117,1.665,1.23,1.539,0.395,1.445,0,0.514,1.547,0.871,0.369,0.92,0.342,0.223,0.92,0,0,0.694,0.31,0.178,0.525,0.502,1.443,0.616,0.4,0.087,0.482,0.125,0.663,0.214,0.576,0.424,0,1.395,1.205,1.728,0.289,1.408,0,0.436,1.413,0.799,0.302,0.804,0.17,0.188,0.807,0,0,0.698,0.247,0.136,2.211,0.363,0.973,0.547,0.724,0.084,0.417,0.15,0.668
"35","BOL_A_16_MOX","BOL","A",16,"MOX",0.309,2.224,0.955,0.174,2.042,2.033,1.737,0.874,0.754,0.385,0.861,2.241,1.544,0.718,1.763,0.956,1.424,1.312,0,0.002,1.6,0.155,0,1.106,1.063,2.213,1.075,2.014,1.109,0.81,0.049,1.713,0.298,1.824,1.062,0.121,2.026,2.056,2.401,0.669,0.712,0.358,1.021,2.149,1.659,0.573,1.14,1.394,1.612,1.219,0,0,1.795,0.204,0.001,1.406,1.045,2.199,1.075,2.039,1.053,0.851,0.186,1.692,0.229,1.769,0.834,0.071,2.342,1.918,2.248,0.36,0.681,1.533,0.783,2.144,1.635,0.453,1.201,0.878,1.545,1.257,0,0,1.778,0.178,0,2.283,1.03,1.415,0.698,1.416,0.798,0.711,0.207,1.406
"36","BOL_A_26_MOX","BOL","A",26,"MOX",0.44,0.538,0.67,0,1.509,1.361,1.435,0.69,0.495,0.72,0.199,1.135,1.512,0.126,0.018,0.482,0.525,1.71,0,0,1.024,0.415,0.00599999999999999,0.316,0.285,2.101,0.101,0.937,0.612,0.71,0.436,1.721,0.239,0.947,0.496,0.149,2.066,2.236,2.164,0.634,0.433,0.366,0.229,2.166,1.988,0.282,0.814,0.442,0.214,0.618,0,0.015,1.214,0.011,0.015,0.5,0.397,2.08,0.427,1.521,0.94,0.675,0.326,1.006,0.071,1.35,0.867,0.328,2.371,1.904,1.586,1.067,0.713,1.767,0.483,2.03,0.819,0.306,0.756,0.557,0.064,1.114,0.014,0,0.64,0.031,0.013,1.053,0.393,1.831,0.557,0.516,0.402,0.949,0.254,1.018
"37","BOL_A_42_MOX","BOL","A",42,"MOX",0.302,2.712,0.753,0.0559999999999999,2.302,1.771,2.04,0.303,2.076,1.789,1.495,2.384,1.746,0.614,1.49,0.767,0.062,1.846,0,0,2.328,0.287,0,2.125,2.285,2.937,0.908,2.29,1.076,1.102,0.107,1.601,0.275,1.602,0.373,0.039,2.312,1.681,2.175,0.811,2.098,2.814,1.612,2.607,1.67,0.602,1.344,0.786,0.055,1.887,0,0,2.397,0.289,0,1.73,2.287,2.667,1.225,2.263,1.177,1.018,0.207,1.569,0.28,2.72,0.683,0.21,2.291,1.641,2.018,0.61,1.983,1.929,1.547,2.712,1.736,0.525,1.381,0.722,0.042,2.145,0,0,1.834,0.245,0,2.121,2.183,2.574,0.726,2.032,1.02,1.075,0.169,1.556
"38","BOL_A_54_MOX","BOL","A",54,"MOX",0.033,1.867,0.445,0.19,1.771,1.805,1.817,0.807,1.101,1.805,1.438,1.865,1.265,0.212,1.269,0.351,0.0269999999999999,1.355,0,0,1.893,0,0,1.621,1.606,2.021,1.116,2.465,0.743,0.889,0.103,1.199,0.054,1.666,0.483,0.178,1.821,1.934,2.053,0.823,1.179,1.709,1.241,1.817,1.283,0.197,1.082,0.513,0.143,1.311,0,0,1.968,0.14,0,1.619,1.568,2.053,1.142,2.48,0.754,1.195,0.208,1.23,0.087,1.701,0.445,0.142,1.805,1.925,1.81,0.795,1.162,1.664,1.345,1.934,1.383,0.171,1.231,0.454,0.14,1.252,0,0,1.835,0.13,0,1.561,1.551,1.919,1.161,2.309,0.667,0.888,0.186,1.14
"39","BOL_B_4_MOX","BOL","B",4,"MOX",0,1.651,0.582,0.076,1.683,1.41,1.737,2.132,1.753,0,1.382,2.389,1.532,0.26,1.577,0.889,0.072,1.243,0,0,2.17,0.08,0,2.509,1.019,2.125,0.938,1.93,0.963,0.771,0.058,1.182,0,1.529,0.479,0.146,1.974,1.552,1.557,2.07,1.599,0,0.942,2.437,1.535,0.22,1.392,0.75,0.097,1.222,0,0.00799999999999998,1.827,0.108,0,2.56,0.951,2.061,1.024,1.987,0.973,0.728,0.158,1.215,0,1.286,0.403,0.079,2.011,1.479,1.62,2.089,1.746,0,1.205,2.329,1.412,0.17,1.419,0.826,0.073,1.076,0,0,1.827,0.058,0,2.45,0.915,1.853,0.642,1.618,0.88,0.543,0.14,1.082
"40","BOL_B_42_MOX","BOL","B",42,"MOX",0,2.578,0.733,0.264,2.52,2.049,2.102,0.889,1.939,2.466,1.596,2.412,1.755,0.75,1.711,0.653,0.866,1.553,0,0,2.154,0,1.205,2.2,2.121,2.34,0.821,2.794,2.202,0.612,0,1.296,0,2.507,0.594,0.273,2.521,2.032,2.218,1.088,1.417,2.59,1.386,2.422,1.861,0,1.423,0.564,0.995,1.597,0,0,2.074,0,0,2.018,1.696,2.356,0.583,2.788,2.153,1.328,0.121,1.37,0,2.591,0.402,0,2.484,1.902,1.973,0.889,1.903,2.699,1.402,2.118,1.789,0.637,1.536,0.578,0.469,1.492,0,0,2.157,0,0,2.278,1.702,2.316,0.588,2.725,2.528,1.08,0.106,1.228
"41","BOL_C_4_MOX","BOL","C",4,"MOX",0,0.687,0.443,0,1.598,1.616,0.874,0.452,0.124,0,0.555,1.417,1.302,0.057,1.193,0.748,0.936,0.678,0,0,0.952,0,0,2.125,0.647,1.915,0.426,0.745,0.624,0.467,0.076,0.734,0,0.733,0.519,0.01,1.456,1.656,1,0.456,0.599,0,0.475,1.371,1.325,0.001,1.128,0.556,0.021,0.531,0,0,0.884,0,0,2.153,0.529,1.51,0.321,0.758,0.624,0.615,0.149,0.634,0,0.752,0.271,0,1.489,1.66,0.984,0.41,0.691,0,0.478,1.683,1.319,0,1.186,0.517,0.027,0.894,0,0,0.811,0,0,2.138,0.487,1.716,0.287,0.766,0.574,0.26,0.052,0.568
"42","BOL_C_42_MOX","BOL","C",42,"MOX",0.1,2.672,0.756,0.367,2.14,1.981,2.555,1.174,1.875,2.599,0.824,2.971,2.316,0.151,1.317,0.514,1.319,1.452,0,0.011,2.317,0.069,0,1.969,1.345,2.525,0.893,1.716,1.009,0.641,0.079,1.282,0.004,2.221,0.635,0.359,2.257,1.959,2.644,1.086,1.985,2.6,0.739,2.96,2.364,0.174,1.139,0.547,1.315,1.435,0,0,2.303,0.057,0,2.013,1.095,2.448,0.881,1.9,1.204,0.582,0.134,1.316,0,2.043,0.607,0.298,2.012,1.832,2.523,1.049,1.462,2.427,0.712,3.008,2.392,0.161,0.969,0.508,1.599,1.316,0,0.01,2.263,0.057,0,1.968,1.288,2.196,0.569,1.837,0.918,0.463,0.132,1.301
"43","BB_A_16_AER","BB","A",16,"AER",0,1.736,0.613,0.388,2.304,1.292,2.377,0,1.793,2.362,1.107,2.606,1.291,0,1.901,0.337,0.297,1.322,0,0,1.726,0,0,1.876,1.568,2.184,0.624,1.153,1.114,0.809,0.00799999999999998,1.049,0,1.722,0.678,0.369,2.516,1.779,2.498,0,1.1,2.409,1.15,2.672,1.482,0,1.486,0.303,0.315,1.678,0,0,1.575,0,0,1.888,1.483,2.151,0.539,1.202,1.088,0.763,0.057,1.101,0,1.622,0.599,0.289,2.575,1.958,2.251,0,0.782,2.398,1.229,2.881,1.473,0,1.655,0.318,0.308,1.371,0,0,1.677,0,0,1.815,1.621,2.215,0.277,0.7,0.604,0.813,0.072,1.015
"44","BB_A_26_AER","BB","A",26,"AER",0,0.756,0.522,0.208,1.927,1.219,1.074,0.417,1.468,1.506,0.855,1.75,1.334,0,1.283,0.413,0.104,1.261,0,0,1.3,0,0,1.931,1.381,2.048,0.552,1.785,0.873,0.542,0.002,0.842,0,0.821,0.122,0.103,2.133,1.792,1.397,0.4,1.279,1.329,0.83,1.46,1.548,0,1.156,0.243,0.051,1.331,0,0,1.376,0.011,0,1.848,1.477,2.015,0.564,1.842,0.838,0.545,0.001,0.793,0,0.806,0.617,0.014,2.164,1.779,1.206,0.502,1.315,1.537,0.682,1.58,1.336,0,0,0.242,0.067,1.252,0,0,1.245,0.011,0,1.857,1.381,1.935,0.273,1.128,0.823,0.533,0.005,1.056
"45","BB_A_42_AER","BB","A",42,"AER",0,0.864,0.272,0.105,2.08,1.079,1.943,0,0.584,1.635,1.478,2.635,1.356,0,0,0.264,0.041,1.356,0,0,2.132,0.003,0,2.23,0.861,2.126,0.312,0.79,0.927,0.705,0,0.531,0,1.401,0.254,0.196,2.195,0.961,2.098,0,0.469,1.997,1.336,2.359,1.332,0,0,0.257,0.03,1.555,0,0,2.139,0,0,0.031,0.893,2.234,0.256,0.849,1.006,0.618,0.005,0.462,0,1.481,0.301,0,2.249,0.889,1.924,0,0.52,0,1.227,2.696,1.418,0,0,0.271,0.027,1.343,0,0,2.122,0,0,1.906,0.857,1.88,0.074,0.827,0.87,0.639,0,0.556
"46","BB_B_4_AER","BB","B",4,"AER",0,1.894,0.636,0.186,1.888,1.741,1.035,0.34,1.325,0,0.199,1.732,1.085,0.123,0.038,0.308,0.286,0.711,0,0,0.862,0.017,0,2.064,0.672,0.974,0.224,1.066,0.4,0.363,0,0.629,0,2.262,0.312,0.122,1.834,1.749,1.938,0.113,1.229,0,0.353,1.987,1.572,0.044,0.013,0.345,0.862,0.955,0,0,0.724,0.00700000000000001,0,1.993,0.923,0.877,0.292,1.085,0.428,0.299,0.039,0.432,0,2.226,0.31,0,1.929,1.537,1.909,0.379,1.438,0,0.0659999999999999,1.803,1.601,0.066,0,0.239,0.948,0.715,0,0,1.333,0,0,1.948,0.672,1.252,0.324,0.596,0.46,0.252,0.023,0.486
"47","BB_B_42_AER","BB","B",42,"AER",0,0.00600000000000001,0.563,0.185,1.894,1.863,0.684,0,1.619,0,0.84,2.548,1.224,0.149,0,0.49,0.04,1.504,0,0,2.256,0,0,2.358,0.995,2.28,0.589,1.433,0.877,0.681,0,1.088,0.044,0,0.708,0.439,2.051,1.955,1.092,0,1.468,0.00700000000000001,0.556,2.339,1.448,0,0,0.229,0.04,1.487,0,0,2.313,0,0,2.262,0.999,2.341,0.57,2.096,0.804,1.024,0.038,0.992,0,0.12,0.652,0.192,2.106,1.767,0.92,0,1.614,0,0.818,2.494,1.295,0,0,0.405,0.051,1.332,0,0,2.086,0,0,2.072,1.171,2.104,0.281,1.231,0.768,0.789,0.025,0.968
"48","BB_C_4_AER","BB","C",4,"AER",0,0.76,0.695,0.193,1.437,1.039,1.322,0.682,1.298,0.033,1.664,2.033,1.24,0.159,0.099,0.525,0.792,1.091,0,0,2.34,0.004,0,1.433,1.923,1.943,0.896,1.904,1.967,1.428,0.047,1.13,0,0.879,0.725,0.206,1.392,1.363,2.066,0.658,1.164,0,1.537,2.065,1.397,0.037,0.002,0.537,0.692,1.115,0,0,2.347,0.017,0,1.737,1.879,2.168,0.646,2.157,1.605,0.739,0,1.037,0,0.866,0.678,0.118,1.757,1.311,1.861,0.65,1.229,0.01,1.46,2.216,1.319,0.019,0,0.495,0.659,0.784,0,0,1.927,0.022,0,1.629,2.072,2.039,0.733,1.577,1.555,1.402,0.022,1.228
"49","BB_C_42_AER","BB","C",42,"AER",0,2.005,0.803,0.46,2.166,1.534,2.184,1.147,1.715,2.362,0.597,2.833,1.511,0.195,0.051,0.321,1.388,1.205,0,0,1.495,0.038,0,2.079,1.822,2.293,0.757,1.649,0.908,0.609,0.014,0.97,0,2.258,0.557,0.321,2.086,1.603,2.143,1.144,1.792,2.526,0.619,2.663,1.452,0,0,0.406,1.02,1.28,0,0,1.327,0.022,0,2.051,1.532,1.952,0.715,1.633,0.848,0.573,0.057,0.967,0,2.352,0.72,0.249,1.896,1.64,1.807,0.997,1.694,2.44,0.56,2.366,1.465,0,0,0.32,1.073,1.122,0,0,1.221,0.003,0,1.922,1.88,1.747,0.432,1.022,0.821,0.604,0.031,1.057
"50","BB_A_4_MOX","BB","A",4,"MOX",0,1.187,0.667,0.131,1.596,1.291,1.528,0.091,0.432,0,1.037,2.195,1.352,0.216,0.961,0.871,0.254,0.904,0,0,2.11,0.075,0,1.98,1.678,2.331,0.797,1.696,0.797,0.839,0,1.347,0,1.086,0.619,0,1.742,1.539,1.724,0.22,0.769,0,0.809,2.053,1.462,0.229,1.062,0.568,0.243,0.873,0,0,1.929,0.029,0,2.092,1.76,2.267,0.882,1.692,0.779,0.846,0.027,1.382,0,0.472,0.218,0.041,1.956,1.874,1.389,0.847,0.669,0,0.891,2.291,1.332,0.109,0.862,0.637,0.127,1.07,0,0,1.986,0.003,0,2.168,1.555,2.206,0.655,1.455,0.82,0.72,0.08,1.195
"51","BB_A_16_MOX","BB","A",16,"MOX",0.38,1.041,0.685,0.57,1.947,1.831,1.819,0.991,1.703,1.738,1.615,1.944,1.613,0.65,1.728,0.96,0.766,1.844,0,0,2.124,0.152,0,2.044,1.928,2.359,1.303,2.084,1.47,1.082,0.121,1.375,0.305,1.083,0.704,0.343,1.976,1.796,2.004,0.848,1.768,1.634,1.377,2.143,1.642,0.555,1.645,1.001,0.443,1.951,0,0,2.232,0.122,0,2.056,1.951,2.256,1.48,2.154,1.455,1.267,0.202,1.375,0.323,1.532,0.481,0.883,2.12,1.806,1.791,1.124,1.745,1.89,1.352,2.216,1.635,0.486,1.699,0.946,0.331,1.765,0,0,2.23,0.113,0,1.965,1.862,2.317,1.268,2.151,1.195,1.207,0.197,1.338
"52","BB_A_26_MOX","BB","A",26,"MOX",0.142,1.722,0.455,0.143,1.76,1.705,1.709,1.709,1.745,1.879,1.309,2.32,1.684,0.491,1.858,0.858,0.218,1.673,0,0,2.088,0.0780000000000001,0,1.729,1.923,2.349,1.054,1.972,0.756,1.1,0.153,1.309,0.224,1.774,0.73,0.368,2.035,1.762,1.993,1.524,1.718,1.898,0.935,2.346,1.741,0.541,1.71,0.966,0.25,1.773,0,0,2.092,0.0660000000000001,0,1.73,1.82,2.452,0.906,1.917,1.452,1.107,0.155,1.442,0.0649999999999999,1.663,0.671,0.358,2.09,1.899,1.785,1.329,1.555,1.93,0.852,1.886,1.745,0.401,1.351,1,0.218,1.583,0,0,0,0.044,0,1.855,1.756,2.163,0.762,1.864,1.201,0.833,0.212,1.536
"53","BB_A_42_MOX","BB","A",42,"MOX",0.136,0.953,0.487,0.199,1.445,1.379,1.477,0.518,1.204,1.325,1.501,1.667,1.363,0.311,1.165,0.938,0.165,1.157,0,0,1.573,0.107,0,1.342,1.574,1.776,1.455,1.797,2.07,1.019,0.103,1.078,0.115,1.487,0.749,0.496,1.592,1.43,1.9,0.357,1.165,1.478,1.319,1.668,1.405,0.288,1.112,0.604,0.392,1.349,0,0,1.804,0.0900000000000001,0,1.414,1.64,1.738,1.396,1.949,1.901,0.901,0.165,1.08,0.244,1.7,0.423,0.579,1.655,1.382,1.909,0.51,1.273,1.547,1.497,1.68,1.414,0.276,1.159,0.627,0.29,1.215,0,0,1.756,0.102,0,1.439,1.622,1.856,1.169,1.918,1.877,0.926,0.17,1.072
"54","BB_B_4_MOX","BB","B",4,"MOX",0.003,1.912,0.607,0.395,2.037,1.475,2.156,1.675,1.544,1.96,1.52,2.643,1.733,0.176,1.06,0.376,1.071,1.266,0,0,2.333,0.0599999999999999,0,1.922,2.168,2.447,1.365,2.433,1.867,1.008,0.038,1.39,0,1.913,0.708,0.354,2.095,1.883,2.241,1.683,1.327,1.972,1.543,2.736,1.782,0.1,0.986,0.393,1.184,1.258,0,0,2.455,0.00900000000000001,0,2.198,2.134,2.461,1.431,2.433,1.963,1.047,0.096,1.311,0,2.019,0.583,0.493,2.27,1.789,2.088,1.75,1.474,2.111,1.387,2.725,1.626,0.077,1.048,0.382,1.141,1.17,0,0,2.365,0.014,0,2.084,2.047,2.354,1.07,2.438,1.841,0.816,0.065,1.3
"55","BB_B_42_MOX","BB","B",42,"MOX",0,0.00599999999999998,0.657,0.375,2.331,2.373,1.054,0,0.35,0.079,0.074,2.627,1.852,0.322,2.096,0.664,0.188,1.69,0,0,2.002,0,0,0.247,1.34,2.694,0.688,2.207,1.026,0.538,0.047,1.479,0,0.00700000000000001,0.534,0.388,2.34,2.428,1.003,0,0.015,0.068,0.136,2.747,1.917,0.268,1.9,0.645,0.117,1.605,0,0,1.559,0,0,0.162,1.746,1.991,0.749,2.383,1.579,0.709,0.018,1.01,0,0.844,0.633,0.143,1.643,1.162,1.789,0.471,1.077,0,1.4862,2.05,1.19,0,0,0.347,0.593,0.651,0,0,1.852,0,0,1.591,1.904,1.933,0.581,1.446,1.39,1.261,0,1.096
"56","BB_C_4_MOX","BB","C",4,"MOX",0,0.974,1.034,0.35,2.017,2.166,1.401,0.654,1.217,0,1.514,2.301,1.15,0.248,0,1.089,0.55,0.434,0,0,2.445,0.105,0,2.052,2.403,2.174,1.471,1.533,1.035,0.926,0,1.218,0.016,0.959,0.372,0.327,1.915,1.876,1.557,0.638,0.306,0.001,1.469,2.407,1.03,0.172,1.283,0.948,0.281,0.383,0,0,2.449,0.087,0,2.079,2.305,2.343,1.756,1.33,0.652,0.91,0.051,1.391,0,1.005,0.686,0.276,2.02,2.13,1.511,0.663,1.374,0.015,1.41,2.249,1.155,0.107,1.239,0.995,0.19,0.433,0,0,2.396,0.032,0,1.914,2.329,2.226,0.78,1.394,1.116,0.714,0.055,1.378
"57","BB_C_42_MOX","BB","C",42,"MOX",0,2.021,0.629,0.054,1.038,1.684,1.296,0.315,1.91,2.279,0.272,0.88,1.102,0.131,0.077,0.645,1.17,1.106,0,0,1.482,0.034,0,1.924,1.304,1.661,0.99,1.258,0.759,0.632,0.075,1.088,0,2.283,0.57,0.178,2.18,1.874,1.398,0.574,0.69,2.133,0.6305,0.931,1.364,0.121,0.125,0.619,0.769,1.393,0,0,1.544,0.031,0,1.039,1.245,2.364,0.861,1.343,0.789,0.616,0.108,0.974,0,2.49,0.391,0.213,2.19,1.434,1.224,0.352,1.819,2.411,0.917,0.889,1.364,0.102,0.104,0.587,0.58,1.309,0,0.87,1.419,0.029,0,2.014,1.326,2.245,0.813,1.233,0.7,0.583,0.133,1.044
"58","J_A_4_AER","J","A",4,"AER",0.001,1.299,0.457,0.101,1.124,1.594,1.403,1.106,1.308,0,0.524,1.351,1.061,0.234,0.836,0.462,0.391,1.061,0,0,1.383,0.057,0,1.966,0.875,2.009,0.664,1.013,0.603,0.512,0.132,0.772,0,1.314,0.481,0.096,1.449,1.468,1.411,1.171,1.165,0.034,0.61,1.491,1.13,0.175,0.815,0.4,0.423,1.024,0,0,1.347,0.032,0,1.957,0.868,1.935,0.632,1.221,0.605,0.493,0.152,0.704,0,1.268,0.432,0.051,1.357,1.79,1.257,1.434,1.253,0,0.451,1.34,1.215,0.165,0.836,0.338,0.4,0.926,0,0,1.095,0.031,0,1.96,0.922,1.674,0.224,0.828,0.468,0.439,0.146,0.564
"59","J_A_42_AER","J","A",42,"AER",0,1.695,0.271,0,1.532,1.694,1.822,0.289,0.801,1.528,0.368,1.837,1.378,0,0.875,0.04,0.213,0.72,0,0.377,2.448,0,0,1.777,1.389,2.263,1.243,1.452,0.48,0.457,0.064,0.886,0,1.75,0.292,0.043,1.523,1.75,1.967,0,0.835,1.548,0.484,1.848,1.46,0.041,0.799,0.078,0.142,0.777,0,0,2.556,0.012,0,1.425,1.059,2.298,1.292,0.998,0.479,0.542,0,0.977,0,1.694,0.285,0,1.587,1.594,1.83,0,0.829,1.605,0.366,1.918,1.309,0,0.844,0.035,0.203,0.514,0,0,2.457,0.00700000000000001,0,1.415,1.389,2.064,0.244,1.002,0.341,0.415,0.177,0.194
"60","J_B_4_AER","J","B",4,"AER",0,1.168,0.661,0.159,1.795,1.719,1.455,1.054,1.294,2.097,0.753,1.669,1.583,0.287,0.938,0.559,0.118,1.537,0,0,1.443,0.11,0,2.196,1.364,2.247,0.852,1.684,0.849,0.496,0.071,0.914,0,1.145,0.76,0.18,1.674,1.867,1.591,0.956,1.153,2.07,0.777,1.754,1.735,0.311,0.587,0.563,0.105,1.44,0,0,1.502,0.083,0,2.043,1.42,1.847,0.815,1.371,0.802,0.498,0.108,0.724,0,1.131,0.657,0.175,1.84,1.723,1.466,0.967,1.549,1.041,0.712,1.783,1.788,0.163,0.849,0.568,0.057,1.394,0,0,1.441,0.037,0,2.026,1.713,2.029,0.401,1.154,0.809,0.453,0.084,0.795
"61","J_B_42_AER","J","B",42,"AER",0,1.172,0.435,0,1.764,1.635,1.567,0.334,0.787,0.929,0.541,1.449,0.967,0.032,0.829,0.224,0.303,1.083,0,0,1.26,0.005,0,2.105,0.94,2.065,0.608,1.54,0.76,0.383,0.467,0.726,0,1.132,0.433,0,1.577,1.661,1.493,0.357,0.772,0.676,0.494,1.626,1.399,0.00800000000000001,0.746,0.219,0.255,1.077,0,0,1.303,0,0,2.048,0.875,1.939,0.492,1.577,0.768,0.368,0.499,0.57,0,1.177,0.0519999999999999,0,1.655,1.685,1.421,0.253,0.822,0,0.492,1.834,1.015,0,0.758,0.106,0.288,0.973,0,0,1.143,0,0,1.936,1.322,1.584,0.383,1.182,0.717,0.393,0.124,0.511
"62","J_C_4_AER","J","C",4,"AER",0,1.234,0.79,0.055,0.771,1.768,1.246,0.015,0.897,0,0.982,1.529,1.641,0.186,1.018,0.6,0.587,1.229,0,0,1.753,0.00899999999999995,0,0.313,1.322,2.095,0.555,1.548,1.053,0.366,0.211,0.676,0,1.487,0.737,0.131,0.814,1.835,1.31,0.063,0.763,0,1.054,1.555,1.743,0.121,0.992,0.432,0.51,1.3,0,0,1.566,0.01,0,0.284,1.027,2.203,0.57,2.31,0.85,0.49,0.299,0.669,0,1.552,0.768,0.098,1.041,1.905,1.225,0,0.751,0,1.048,1.411,1.76,0.062,0.909,0.699,0.532,0.871,0,0,1.44,0.00600000000000001,0,0.267,1.097,1.895,0.222,1.547,0.713,0.41,0.216,0.675
"63","J_C_16_AER","J","C",16,"AER",0,1.643,0.208,0.236,1.35,1.475,1.99,0.21,0.776,1.71,0.75,2.151,1.483,0,0.824,0,0.178,0.812,0,0,1.567,0.039,0,0.101,1.275,1.783,0.235,0.407,0.491,0.291,0.211,0.87,0,1.571,0.275,0.114,1.71,1.402,2.112,0,0.703,1.723,0.926,2.202,1.527,0,0.737,0,0.212,0.947,0,0,1.169,0.017,0,0.436,1.501,1.894,0.238,0.502,0.449,0.261,0.185,0.861,0,1.592,0.107,0.032,1.793,1.408,1.863,0,0.491,1.739,0.92,2.174,1.624,0,0.76,0,0.112,0.941,0,0,1.506,0.00999999999999995,0,0.297,1.071,1.823,0.104,1.141,0.617,0.242,0.103,0.704
"64","J_C_26_AER","J","C",26,"AER",0,1.3,0.882,0.466,2.178,2.259,1.713,1.983,2.193,1.481,1.265,2.004,2.061,0.186,0.92,0.494,0.716,1.426,0,0.00600000000000001,2.369,0.031,0,2.192,2.033,2.408,0.856,2.708,2.25,0.858,0.166,1.355,0,1.657,0.701,0.482,2.381,2.286,2.177,1.829,2.101,1.831,1.161,2.151,2.166,0.147,0.79,0.466,0.742,1.528,0,0.003,2.47,0.028,0,2.159,1.995,2.388,0.852,2.31,2.142,0.867,0.168,1.253,0,1.607,0.816,0.51,2.471,2.307,1.822,1.643,1.984,0.098,1.377,2.184,2.133,0.093,0.828,0.539,0.73,1.212,0.00800000000000001,0.014,2.4,0.035,0,2.019,2.005,2.241,0.557,2.591,1.895,0.759,0.176,1.271
"65","J_C_42_AER","J","C",42,"AER",0,1.242,0.768,0.317,1.97,1.728,2.026,1.124,1.706,2.287,0.835,2.05,1.998,0,0.962,0.363,0.495,1.363,0,0.00800000000000001,1.711,0.023,0,1.861,1.649,2.175,0.898,1.857,1.169,0.784,0.205,0.933,0,1.806,0.641,0.299,1.996,1.869,2.34,0.953,1.688,2.124,0.569,1.959,1.905,0,0.734,0.281,0.494,1.399,0,0.003,1.836,0.019,0,2.203,1.744,2.141,0.852,1.98,1.205,0.95,0.156,0.889,0,1.941,0.646,0.402,2.226,1.834,2.12,1.026,1.486,2.381,0.829,2.193,1.895,0,0.909,0.403,0.533,1.309,0,0.00700000000000001,1.84,0.0189999999999999,0,1.931,1.739,2.073,0.598,1.76,1.153,1.056,0.148,1.032
"66","J_C_54_AER","J","C",54,"AER",0,1.309,0.579,0.348,2.126,1.872,2.009,1.039,1.949,1.848,1.287,2.255,1.754,0.121,0.895,0.38,0.401,1.436,0,0.048,1.97,0.028,0,2.037,1.681,2.44,1.017,2.489,1.735,0.765,0.134,0.911,0,1.542,0.596,0.25,2.009,1.917,2.423,0.729,2.148,1.808,1.325,2.253,1.87,0.053,0.837,0.307,0.388,1.509,0,0,2.083,0.00900000000000001,0,1.844,1.633,2.655,0.938,2.616,1.692,0.85,0.108,0.857,0,1.575,0.611,0.295,2.271,1.894,2.072,0.995,2.04,1.923,1.335,2.267,1.923,0.042,0.839,0.359,0.5,1.307,0,0,2.025,0.017,0,1.917,1.445,2.282,0.533,1.942,1.775,1.01,0.134,0.804
"67","J_C_66_AER","J","C",66,"AER",0,1.499,0.332,0.03,2.033,1.544,1.849,0.58,1.005,2.323,1.249,2.308,1.361,0.214,0.881,0.479,0.383,1.261,0,0.091,1.526,0.094,0,1.594,1.87,1.923,1.158,2.118,1.313,0.863,0.037,1.187,0,1.698,0.567,0.151,2.257,1.803,2.238,0.519,0.754,2.553,1.08,2.645,1.222,0.054,0.798,0.338,0.353,1.208,0,0.017,1.438,0.049,0,1.53,1.95,1.884,1.043,2.031,1.224,0.826,0.095,0.933,0,1.728,0.513,0.117,2.335,1.791,1.862,0.514,1.076,2.36,0.992,2.366,1.27,0,0.801,0.403,0.416,1.072,0,0,1.605,0.00900000000000001,0,1.57,1.943,1.496,0.521,1.643,1.142,0.845,0.08,1.011
"68","J_A_4_MOX","J","A",4,"MOX",0.864,2.022,0.994,0.485,2.132,1.753,2.224,2.184,1.747,2.296,1.705,2.105,2.019,1.171,1.387,0.961,0.412,1.745,0.018,0.026,2.5,0.382,0.024,2.141,2.825,2.807,1.397,2.382,1.368,1.384,0.442,1.874,0.86,2.051,0.947,0.087,2.209,1.795,2.481,2.208,1.607,2.298,1.636,2.234,2.109,1.146,1.203,0.949,0.239,1.896,0.035,0.051,2.629,0.411,0.022,2.13,2.634,2.247,1.394,2.008,1.19,1.508,0.418,1.954,0.838,1.922,1.032,0.404,2.336,1.762,2.178,2.088,1.63,2.317,1.657,2.132,2.188,1.069,1.147,0.969,0.29,1.777,0.029,0.042,2.567,0.33,0.018,2.149,2.708,2.276,1.247,2.116,1.335,1.123,0.313,1.402
"69","J_A_42_MOX","J","A",42,"MOX",0.12,0.71,0.739,0.31,1.998,1.788,1.386,0.217,1.111,0,0.608,1.699,1.991,0.403,1.273,0.597,0.349,0.633,0,0.06,1.345,0,0,2.004,0.52,2.16,0.706,1.661,1.022,0.652,0.34,0.726,0.149,1.074,0.707,0.333,1.136,2.201,1.625,0.207,1.107,0,0.499,1.732,1.976,0.315,1.274,0.388,0.221,1.498,0,0.00800000000000001,1.248,0,0,2.014,0.687,1.095,0.768,1.61,0.847,0.628,0.46,0.372,0.056,1.149,0.7,0.054,1.837,2.193,1.541,0.233,1.341,0,0.441,2.059,1.926,0.333,1.162,0.871,0.157,1.198,0,0,1.092,0,0,1.839,0.789,1.985,0.655,1.587,0.857,0.554,0.188,0.672
"70","J_B_4_MOX","J","B",4,"MOX",0.591,1.529,0.944,0.607,1.951,1.742,2.23,1.039,1.548,2.292,1.015,2.243,1.709,0.754,1.134,0.842,0.284,1.604,0.00700000000000001,0.021,1.665,0.259,0.018,1.797,1.339,2.033,1.043,1.387,0.965,0.943,0.338,1.528,0.507,1.439,1.016,0.562,1.889,1.757,2.518,1.014,1.506,2.479,0.989,1.984,1.744,0.745,0.942,0.742,0.28,1.711,0.01,0.015,1.626,0.262,0.021,1.926,1.258,1.911,0.982,1.379,0.965,0.898,0.293,1.493,0.484,1.479,0.983,0.565,1.983,1.726,2.079,1.041,1.421,2.545,1.047,2.109,1.922,0.722,0.996,0.841,0.139,1.569,0.012,0.014,1.579,0.208,0.03,1.932,1.332,1.889,0.895,1.224,0.892,0.794,0.265,1.49
"71","J_B_42_MOX","J","B",42,"MOX",0.129,1.164,1.001,0.272,2.111,2.001,1.499,0.232,1.023,0.002,0.624,1.743,1.936,0.391,1.321,0.566,0.426,1.349,0,0.11,1.36,0,0,2.015,0.508,2.177,0.727,1.504,1.021,0.358,0.359,0.747,0.123,1.094,0.842,0.401,1.176,2.263,1.557,0.203,1.144,0,0.495,1.673,1.943,0.376,1.293,0.398,0.264,1.496,0,0.028,1.293,0.011,0.003,2.041,0.74,2.104,0.838,1.669,0.912,0.664,0.477,0.409,0.00900000000000001,1.202,0.806,0.18,1.909,2.261,1.569,0.135,1.272,0,0.447,2.118,1.965,0.293,1.149,0.812,0.301,1.321,0,0.078,1.22,0.048,0,2.021,0.806,2.066,0.684,1.639,0.839,0.595,0.256,0.687
"72","J_C_4_MOX","J","C",4,"MOX",0.675,1.443,0.966,0.37,1.774,2.165,1.348,0.784,1.299,1.811,0.773,1.648,1.982,0.904,1.428,1.229,0.253,1.447,0.001,0.00800000000000001,2.359,0.19,0,2.057,2.092,2.41,1.264,2.239,1.665,0.86,0.493,1.692,0.633,1.459,0.999,0.296,1.751,2.184,1.534,0.842,1.268,1.919,0.77,1.667,2.068,0.817,1.116,1.161,0.291,1.48,0,0.011,2.57,0.142,0.019,1.911,2.117,2.417,1.045,2.227,1.592,0.986,0.447,1.673,0.586,1.537,0.993,0.325,2.121,2.219,1.339,0.83,1.245,2.031,0.809,1.811,2.176,0.838,1.167,1.278,0.25,1.404,0,0.004,2.442,0.146,0.021,1.849,1.983,2.427,1.253,2.2,1.714,0.881,0.44,1.521
"73","J_C_16_MOX","J","C",16,"MOX",0.203,1.598,0.529,0.669,1.708,1.978,1.796,0.381,1.617,1.816,1.26,1.924,1.775,0.376,0.946,0.317,0.381,1.607,0,0,2.201,0.019,0.003,0.728,1.851,2.297,0.083,0.291,0.962,0.708,0.401,1.578,0.159,1.492,0.298,0.592,1.57,1.989,1.906,0.317,1.58,1.762,1.223,2.061,1.732,0.292,0.763,0.303,0.369,1.687,0,0,2.404,0,0.00599999999999999,0,1.816,2.348,1.032,0.125,1.047,0.695,0.38,1.503,0.19,1.561,0.106,0.565,1.757,1.891,1.631,0.313,1.578,1.834,1.158,2.069,1.893,0.281,0.802,0.274,0.385,0.714,0,0,2.267,0,0.001,1.364,1.847,2.164,0.72,0.176,0.949,0.475,0.273,1.485
"74","J_C_26_MOX","J","C",26,"MOX",0.68,2.523,1.077,0.545,2.267,2.102,2.299,1.426,1.989,2.021,1.653,1.926,1.895,0.91,1.222,1.269,1.461,1.084,0,0,2.404,0.194,0,2.233,2.569,2.401,1.542,2.639,2.176,1.211,0.273,1.834,0.66,2.458,1.153,0.395,2.347,2.238,2.553,1.848,1.975,2.337,1.61,2.436,2.073,0.933,1.103,1.268,1.671,1.12,0,0,2.465,0.264,0,2.283,2.419,2.424,1.495,2.58,1.933,1.65,0.29,1.88,0.637,2.64,1.114,0.59,2.497,2.169,2.035,1.985,2.007,2.61,1.56,2.554,2.214,0.896,1.195,1.41,1.614,1.096,0,0,2.35,0.209,0,2.238,2.488,2.736,1.386,2.476,1.806,1.179,0.22,1.813
"75","J_C_42_MOX","J","C",42,"MOX",0.503,1.709,1.043,0.548,2.267,2.062,2.26,1.229,2.033,2.48,1.138,2.291,1.989,0.69,1.43,0.723,0.181,1.4,0.00800000000000001,0.00900000000000001,2.2,0.372,0.018,2.058,2.29,2.874,1.219,2.453,1.648,0.875,0.387,1.67,0.473,2.028,1.044,0.553,2.321,2.21,2.388,1.27,2.092,2.589,1.04,2.278,1.977,0.702,1.215,0.784,0.219,1.79,0.00799999999999998,0.02,2.307,0.364,0.019,1.949,2.251,2.81,1.332,2.428,1.517,1.073,0.311,1.685,0.435,1.955,1.03,0.545,2.359,2.183,2.239,1.312,2.002,2.611,1.022,2.389,2.034,0.712,1.343,0.802,0.171,1.766,0.00900000000000001,0.041,2.238,0.329,0.026,2.043,2.189,2.73,0.775,2.401,1.659,1.162,0.344,1.627
"76","J_C_54_MOX","J","C",54,"MOX",0.232,1.983,1.117,0.455,1.993,1.991,2.109,1.252,1.567,1.871,1.038,2.07,1.752,0.477,1.08,0.672,0.183,1.756,0.00999999999999998,0.015,2.147,0.203,0.02,2.121,2.14,2.438,0.877,1.825,1.599,1.054,0.487,1.584,0.217,1.696,1.045,0.367,1.964,2.012,2.392,1.281,1.387,1.995,0.918,2.135,1.86,0.448,0.952,0.531,0.334,1.606,0,0,2.238,0.346,0.013,2.068,1.559,1.89,0.961,1.912,1.465,1.093,0.474,1.539,0.194,1.881,1.077,0.458,2.082,1.974,2.005,1.375,1.508,2.183,1.346,2.337,1.992,0.45,0.958,0.608,0.219,1.492,0.00899999999999999,0.019,2.256,0.104,0.02,2.061,1.988,2.242,0.916,1.809,1.43,0.926,0.424,1.558
"77","J_C_66_MOX","J","C",66,"MOX",0.536,1.293,1.015,0.581,2.263,2.002,2.054,2.155,1.327,1.983,0.978,2.051,1.872,0.809,1.294,0.785,0.024,1.799,0,0,2.173,0.142,0.002,2.271,2.414,2.464,1.556,2.772,2.097,1.35,0.296,1.773,0.523,1.261,1.006,0.505,2.354,2.038,2.298,2.107,1.325,1.985,0.917,2.171,1.957,0.828,1.163,0.753,0.251,1.941,0,0,2.231,0.097,0.014,2.139,2.372,2.439,1.325,2.86,2.009,1.404,0.305,1.805,0.502,1.405,0.538,0.448,2.47,1.985,1.972,0.527,1.318,1.973,0.92,2.391,2.083,0.791,1.202,0.762,0.054,1.842,0,0,2.31,0.108,0.013,2.194,2.293,2.615,1.555,2.854,1.978,1.317,0.244,1.696
